{
    "time_taken": 0.6281354427337646,
    "memory_used": 366.2138671875,
    "memory_reserved": 1388313300.0,
    "gpu_utilization": 90
}