{
    "time_taken": 0.8018474578857422,
    "memory_used": 366.21435546875,
    "memory_reserved": 6859777650.0,
    "gpu_utilization": 100
}