{
    "time_taken": 0.4176900386810303,
    "memory_used": 366.21435546875,
    "memory_reserved": 6847199956.0,
    "gpu_utilization": 79
}